Actions,#P,Group,,,,,,,,,,,,,,,,,,,,,,,,,,,,,,,,,,,,,,,,,,,,,,,,,,,,,,,,,,,,,,,,,,,,,,,,,,,,,,,,,,,,,,,,,,,,,,,,,,,,,,,,,,,,,,,,,,,,,,,,,,,,,,,,,,
LJ RFI 2,1,RFIs,55,44,33,22,K8s,K7s,K6s,K5s,K4s,Q9s,Q8s,J9s,J8s,T9s,T8s,98s,97s,87s,86s,76s,65s,54s,ATo,KJo,KTo,QJo,QTo,JTo,,,,,,,,,,,,,,,,,,,,,,,,,,,,,,,,,,,,,,,,,,,,,,,,,,,,,,,,,,,,,,,,,,,,,,,,,,,,,,,,,,,,,,,,,,,,,,,,,,,,,,
HJ RFI 2,2,,44,33,22,K6s,K5s,K4s,Q9s,Q8s,Q7s,J8s,J7s,T8s,T7s,98s,97s,87s,76s,65s,54s,ATo,A9o,KJo,KTo,QJo,QTo,JTo,,,,,,,,,,,,,,,,,,,,,,,,,,,,,,,,,,,,,,,,,,,,,,,,,,,,,,,,,,,,,,,,,,,,,,,,,,,,,,,,,,,,,,,,,,,,,,,,,,,,,,,,
CO RFI 2.3,3,,44,33,22,K3s,K2s,Q5s,Q4s,J7s,J6s,T7s,T6s,97s,96s,87s,86s,85s,76s,75s,65s,64s,54s,A8o,A7o,A5o,KTo,K9o,QTo,JTo,J9o,T9o,Q9o,,,,,,,,,,,,,,,,,,,,,,,,,,,,,,,,,,,,,,,,,,,,,,,,,,,,,,,,,,,,,,,,,,,,,,,,,,,,,,,,,,,,,,,,,,,,,,,,,,,
BU RFI 2.5,4,,Q3s,Q2s,J5s,J4s,J3s,T6s,T5s,96s,95s,86s,85s,75s,74s,64s,54s,53s,A4o,A3o,K9o,K8o,K7o,J8o,T8o,98o,87o,,,,,,,,,,,,,,,,,,,,,,,,,,,,,,,,,,,,,,,,,,,,,,,,,,,,,,,,,,,,,,,,,,,,,,,,,,,,,,,,,,,,,,,,,,,,,,,,,,,,,,,,,
SB RFI 3,5,,J4s,J3s,J2s,T5s,T4s,95s,85s,74s,A5o,A4o,A3o,K8o,K7o,K6o,J8o,T8o,98o,87o,76o,,,,,,,,,,,,,,,,,,,,,,,,,,,,,,,,,,,,,,,,,,,,,,,,,,,,,,,,,,,,,,,,,,,,,,,,,,,,,,,,,,,,,,,,,,,,,,,,,,,,,,,,,,,,,,,
BB vs LJ RFI 2 (12),6,BB Defense,QQ,JJ,TT,99,88,77,66,AKs,AQs,AJs,ATs,A9s,A8s,A7s,A6s,A5s,A4s,A3s,A2s,KQs,KJs,KTs,K9s,K8s,K7s,K6s,K5s,K4s,K3s,K2s,QJs,QTs,Q9s,Q8s,Q7s,Q6s,Q5s,Q4s,Q3s,Q2s,JTs,J9s,J8s,J7s,J6s,J5s,J4s,J3s,J2s,T9s,T8s,T7s,T6s,T5s,T4s,T3s,T2s,98s,97s,96s,95s,94s,93s,92s,87s,86s,85s,84s,83s,82s,76s,75s,74s,73s,72s,65s,64s,63s,62s,54s,53s,52s,43s,42s,32s,AKo,AQo,AJo,ATo,A9o,A8o,A7o,A6o,A5o,A4o,A3o,KQo,KJo,KTo,K9o,K8o,K7o,K6o,K5o,QJo,QTo,JTo,J9o,T9o,Q9o,J8o,T8o,98o,Q8o,97o,87o,76o,86o,65o,54o,,,,,,,,,,
BB vs HJ RFI 2 (12.3),7,,QQ,JJ,TT,99,88,77,66,AKs,AQs,AJs,ATs,A9s,A8s,A7s,A6s,A5s,A4s,A3s,A2s,KQs,KJs,KTs,K9s,K8s,K7s,K6s,K5s,K4s,K3s,K2s,QJs,QTs,Q9s,Q8s,Q7s,Q6s,Q5s,Q4s,Q3s,Q2s,JTs,J9s,J8s,J7s,J6s,J5s,J4s,J3s,J2s,T9s,T8s,T7s,T6s,T5s,T4s,T3s,T2s,98s,97s,96s,95s,94s,93s,92s,87s,86s,85s,84s,83s,82s,76s,75s,74s,73s,72s,65s,64s,63s,62s,54s,53s,52s,43s,42s,32s,AKo,AQo,AJo,ATo,A9o,A8o,A7o,A6o,A5o,A4o,A3o,KQo,KJo,KTo,K9o,K8o,K7o,K6o,K5o,QJo,QTo,JTo,J9o,T9o,Q9o,J8o,T8o,98o,Q8o,97o,87o,76o,86o,65o,54o,,,,,,,,,,
BB vs CO RFI 2.3 (13.5),8,,QQ,JJ,TT,99,88,77,66,AKs,AQs,AJs,ATs,A9s,A8s,A7s,A6s,A5s,A4s,A3s,A2s,KQs,KJs,KTs,K9s,K8s,K7s,K6s,K5s,K4s,K3s,K2s,QJs,QTs,Q9s,Q8s,Q7s,Q6s,Q5s,Q4s,Q3s,Q2s,JTs,J9s,J8s,J7s,J6s,J5s,J4s,J3s,J2s,T9s,T8s,T7s,T6s,T5s,T4s,T3s,T2s,98s,97s,96s,95s,94s,93s,92s,87s,86s,85s,84s,83s,82s,76s,75s,74s,73s,72s,65s,64s,63s,62s,54s,53s,52s,43s,42s,32s,AKo,AQo,AJo,ATo,A9o,A8o,A7o,A6o,A5o,A4o,A3o,KQo,KJo,KTo,K9o,K8o,K7o,K6o,K5o,QJo,QTo,JTo,J9o,T9o,Q9o,J8o,T8o,98o,Q8o,97o,87o,76o,86o,65o,54o,,,,,,,,,,
BB vs BU RFI 2.5 (13),9,,QQ,JJ,TT,99,88,77,66,AKs,AQs,AJs,ATs,A9s,A8s,A7s,A6s,A5s,A4s,A3s,A2s,KQs,KJs,KTs,K9s,K8s,K7s,K6s,K5s,K4s,K3s,K2s,QJs,QTs,Q9s,Q8s,Q7s,Q6s,Q5s,Q4s,Q3s,Q2s,JTs,J9s,J8s,J7s,J6s,J5s,J4s,J3s,J2s,T9s,T8s,T7s,T6s,T5s,T4s,T3s,T2s,98s,97s,96s,95s,94s,93s,92s,87s,86s,85s,84s,83s,82s,76s,75s,74s,73s,72s,65s,64s,63s,62s,54s,53s,52s,43s,42s,32s,AKo,AQo,AJo,ATo,A9o,A8o,A7o,A6o,A5o,A4o,A3o,KQo,KJo,KTo,K9o,K8o,K7o,K6o,K5o,QJo,QTo,JTo,J9o,T9o,Q9o,J8o,T8o,98o,Q8o,97o,87o,76o,86o,65o,54o,,,,,,,,,,
BB vs SB RFI 3 (9),10,,QQ,JJ,TT,99,88,77,66,AKs,AQs,AJs,ATs,A9s,A8s,A7s,A6s,A5s,A4s,A3s,A2s,KQs,KJs,KTs,K9s,K8s,K7s,K6s,K5s,K4s,K3s,K2s,QJs,QTs,Q9s,Q8s,Q7s,Q6s,Q5s,Q4s,Q3s,Q2s,JTs,J9s,J8s,J7s,J6s,J5s,J4s,J3s,J2s,T9s,T8s,T7s,T6s,T5s,T4s,T3s,T2s,98s,97s,96s,95s,94s,93s,92s,87s,86s,85s,84s,83s,82s,76s,75s,74s,73s,72s,65s,64s,63s,62s,54s,53s,52s,43s,42s,32s,AKo,AQo,AJo,ATo,A9o,A8o,A7o,A6o,A5o,A4o,A3o,KQo,KJo,KTo,K9o,K8o,K7o,K6o,K5o,QJo,QTo,JTo,J9o,T9o,Q9o,J8o,T8o,98o,Q8o,97o,87o,76o,86o,65o,54o,,,,,,,,,,
SB vs LJ RFI 2 (10),11,SB 3bet,99,88,77,66,ATs,A9s,A5s,A4s,A3s,KQs,KJs,KTs,QJs,QTs,JTs,T9s,98s,87s,76s,65s,54s,AQo,KQo,,,,,,,,,,,,,,,,,,,,,,,,,,,,,,,,,,,,,,,,,,,,,,,,,,,,,,,,,,,,,,,,,,,,,,,,,,,,,,,,,,,,,,,,,,,,,,,,,,,,,,,,,,,
SB vs HJ RFI 2 (11),12,,99,88,77,66,A9s,A8s,A5s,A4s,A3s,KTs,K9s,QTs,Q9s,JTs,T9s,98s,87s,76s,65s,54s,AQo,AJo,KQo,,,,,,,,,,,,,,,,,,,,,,,,,,,,,,,,,,,,,,,,,,,,,,,,,,,,,,,,,,,,,,,,,,,,,,,,,,,,,,,,,,,,,,,,,,,,,,,,,,,,,,,,,,,
SB vs CO RFI 2.3 (11.5),13,,99,88,77,66,A9s,A8s,A5s,A4s,A3s,K9s,Q9s,JTs,J9s,T9s,T8s,98s,87s,76s,65s,54s,AJo,KQo,KJo,,,,,,,,,,,,,,,,,,,,,,,,,,,,,,,,,,,,,,,,,,,,,,,,,,,,,,,,,,,,,,,,,,,,,,,,,,,,,,,,,,,,,,,,,,,,,,,,,,,,,,,,,,,
SB vs BU RFI 2.5 (12),14,,99,88,77,66,55,A8s,A7s,A6s,A5s,A4s,A3s,A2s,K9s,K6s,K5s,Q9s,J9s,J8s,T9s,T8s,98s,87s,76s,65s,54s,ATo,KJo,KTo,QJo,,,,,,,,,,,,,,,,,,,,,,,,,,,,,,,,,,,,,,,,,,,,,,,,,,,,,,,,,,,,,,,,,,,,,,,,,,,,,,,,,,,,,,,,,,,,,,,,,,,,,
BU vs LJ RFI 2 (7.5),15,BUvsRFI,QQ,JJ,TT,99,88,77,66,55,44,33,22,AQs,AJs,ATs,A9s,A8s,A7s,A6s,A5s,A4s,A3s,A2s,KQs,KJs,KTs,K9s,K8s,K7s,K6s,K5s,QJs,QTs,Q9s,Q8s,JTs,J9s,J8s,T9s,T8s,98s,87s,76s,65s,54s,AKo,AQo,AJo,ATo,KQo,KJo,KTo,,,,,,,,,,,,,,,,,,,,,,,,,,,,,,,,,,,,,,,,,,,,,,,,,,,,,,,,,,,,,,,,,,,,,,,,,,,,,,,
BU vs HJ RFI 2 (7.5),16,,QQ,JJ,TT,99,88,77,66,55,44,33,22,AQs,AJs,ATs,A9s,A8s,A7s,A6s,A5s,A4s,A3s,A2s,KQs,KJs,KTs,K9s,K8s,K7s,K6s,K5s,QJs,QTs,Q9s,Q8s,JTs,J9s,J8s,T9s,T8s,98s,87s,76s,65s,54s,AKo,AQo,AJo,ATo,KQo,KJo,KTo,,,,,,,,,,,,,,,,,,,,,,,,,,,,,,,,,,,,,,,,,,,,,,,,,,,,,,,,,,,,,,,,,,,,,,,,,,,,,,,
BU vs CO RFI 2.3 (7.5),17,,QQ,JJ,TT,99,88,77,66,55,44,33,22,AQs,AJs,ATs,A9s,A8s,A7s,A6s,A5s,A4s,A3s,A2s,KQs,KJs,KTs,K9s,K8s,K7s,K6s,K5s,QJs,QTs,Q9s,Q8s,JTs,J9s,J8s,T9s,T8s,98s,87s,76s,65s,54s,AQo,AJo,ATo,A9o,KQo,KJo,KTo,QJo,,,,,,,,,,,,,,,,,,,,,,,,,,,,,,,,,,,,,,,,,,,,,,,,,,,,,,,,,,,,,,,,,,,,,,,,,,,,,,
CO vs LJ RFI 2 (6.5),18,COvsRFI,99,88,77,66,55,44,33,22,ATs,A9s,A5s,A4s,A3s,KTs,K9s,QJs,QTs,JTs,T9s,98s,87s,76s,65s,54s,AQo,AJo,KQo,,,,,,,,,,,,,,,,,,,,,,,,,,,,,,,,,,,,,,,,,,,,,,,,,,,,,,,,,,,,,,,,,,,,,,,,,,,,,,,,,,,,,,,,,,,,,,,,,,,,,,,
CO vs HJ RFI 2 (6.5),19,,88,77,66,55,44,33,22,A9s,A8s,A4s,A3s,K9s,K8s,QTs,JTs,T9s,98s,87s,76s,65s,54s,AJo,KQo,KJo,,,,,,,,,,,,,,,,,,,,,,,,,,,,,,,,,,,,,,,,,,,,,,,,,,,,,,,,,,,,,,,,,,,,,,,,,,,,,,,,,,,,,,,,,,,,,,,,,,,,,,,,,,
"LJ RFI vs HJ/CO3 (6.5, 19)",47,LJvs3bet,AA,KK,QQ,JJ,TT,99,88,77,66,55,44,33,22,AKs,AQs,AJs,ATs,A9s,A8s,A5s,A4s,A3s,KQs,KJs,KTs,K9s,QJs,QTs,JTs,T9s,98s,87s,76s,65s,AKo,AQo,,,,,,,,,,,,,,,,,,,,,,,,,,,,,,,,,,,,,,,,,,,,,,,,,,,,,,,,,,,,,,,,,,,,,,,,,,,,,,,,,,,,,,,,,,,,,,
"LJ RFI vs BU3 (7.5, 20)",20,,AA,KK,QQ,JJ,TT,99,88,77,66,55,44,33,22,AKs,AQs,AJs,ATs,A9s,A8s,A5s,A4s,A3s,KQs,KJs,KTs,K9s,QJs,QTs,JTs,T9s,98s,87s,76s,65s,AKo,AQo,,,,,,,,,,,,,,,,,,,,,,,,,,,,,,,,,,,,,,,,,,,,,,,,,,,,,,,,,,,,,,,,,,,,,,,,,,,,,,,,,,,,,,,,,,,,,,
"LJ RFI vs SB3 (10, 19)",21,,AA,KK,QQ,JJ,TT,99,88,77,66,55,44,33,22,AKs,AQs,AJs,ATs,A9s,A8s,A5s,A4s,A3s,KQs,KJs,KTs,K9s,QJs,QTs,JTs,T9s,98s,87s,76s,65s,AKo,AQo,,,,,,,,,,,,,,,,,,,,,,,,,,,,,,,,,,,,,,,,,,,,,,,,,,,,,,,,,,,,,,,,,,,,,,,,,,,,,,,,,,,,,,,,,,,,,,
"LJ RFI vs BB3 (12, 22)",48,,AA,KK,QQ,JJ,TT,99,88,77,66,55,44,33,22,AKs,AQs,AJs,ATs,A9s,A8s,A5s,A4s,A3s,KQs,KJs,KTs,K9s,QJs,QTs,JTs,T9s,98s,87s,76s,65s,AKo,AQo,,,,,,,,,,,,,,,,,,,,,,,,,,,,,,,,,,,,,,,,,,,,,,,,,,,,,,,,,,,,,,,,,,,,,,,,,,,,,,,,,,,,,,,,,,,,,,
"HJ RFI vs CO3 (6.5, 19)",49,HJ vs 3bet,AA,KK,QQ,JJ,TT,99,88,77,66,55,44,33,22,AKs,AQs,AJs,ATs,A9s,A8s,A5s,A4s,A3s,KQs,KJs,KTs,K9s,QJs,QTs,JTs,T9s,98s,97s,87s,76s,65s,AKo,AQo,,,,,,,,,,,,,,,,,,,,,,,,,,,,,,,,,,,,,,,,,,,,,,,,,,,,,,,,,,,,,,,,,,,,,,,,,,,,,,,,,,,,,,,,,,,,,
"HJ RFI vs BU3 (7.5, 20)",22,,AA,KK,QQ,JJ,TT,99,88,77,66,55,44,33,22,AKs,AQs,AJs,ATs,A9s,A8s,A5s,A4s,A3s,KQs,KJs,KTs,K9s,QJs,QTs,JTs,T9s,98s,97s,87s,76s,65s,AKo,AQo,,,,,,,,,,,,,,,,,,,,,,,,,,,,,,,,,,,,,,,,,,,,,,,,,,,,,,,,,,,,,,,,,,,,,,,,,,,,,,,,,,,,,,,,,,,,,
"HJ RFI vs SB3 (11, 22)",23,,AA,KK,QQ,JJ,TT,99,88,77,66,55,44,33,22,AKs,AQs,AJs,ATs,A9s,A8s,A5s,A4s,A3s,KQs,KJs,KTs,K9s,QJs,QTs,JTs,T9s,98s,97s,87s,76s,65s,AKo,AQo,,,,,,,,,,,,,,,,,,,,,,,,,,,,,,,,,,,,,,,,,,,,,,,,,,,,,,,,,,,,,,,,,,,,,,,,,,,,,,,,,,,,,,,,,,,,,
"HJ RFI vs BB3 (12.3, 24.9)",50,,AA,KK,QQ,JJ,TT,99,88,77,66,55,44,33,22,AKs,AQs,AJs,ATs,A9s,A8s,A5s,A4s,A3s,KQs,KJs,KTs,K9s,QJs,QTs,JTs,T9s,98s,97s,87s,76s,65s,AKo,AQo,,,,,,,,,,,,,,,,,,,,,,,,,,,,,,,,,,,,,,,,,,,,,,,,,,,,,,,,,,,,,,,,,,,,,,,,,,,,,,,,,,,,,,,,,,,,,
"CO RFI vs BU3 (7.5, 21)",24,COvs3bet,AA,KK,QQ,JJ,TT,99,88,77,66,55,44,33,22,AKs,AQs,AJs,ATs,A9s,A8s,A5s,A4s,A3s,KQs,KJs,KTs,K9s,K6s,K5s,QJs,QTs,JTs,J9s,T9s,T8s,98s,97s,87s,86s,76s,65s,54s,AKo,AQo,AJo,KQo,,,,,,,,,,,,,,,,,,,,,,,,,,,,,,,,,,,,,,,,,,,,,,,,,,,,,,,,,,,,,,,,,,,,,,,,,,,,,,,,,,,,,
"CO RFI vs SB3 (11.5, 25)",25,,AA,KK,QQ,JJ,TT,99,88,77,66,55,44,33,22,AKs,AQs,AJs,ATs,A9s,A8s,A5s,A4s,A3s,KQs,KJs,KTs,K9s,K6s,K5s,QJs,QTs,JTs,J9s,T9s,T8s,98s,97s,87s,86s,76s,65s,54s,AKo,AQo,AJo,KQo,,,,,,,,,,,,,,,,,,,,,,,,,,,,,,,,,,,,,,,,,,,,,,,,,,,,,,,,,,,,,,,,,,,,,,,,,,,,,,,,,,,,,
"CO RFI vs BB3 (13.5, 28)",51,,AA,KK,QQ,JJ,TT,99,88,77,66,55,44,33,22,AKs,AQs,AJs,ATs,A9s,A8s,A5s,A4s,A3s,KQs,KJs,KTs,K9s,K6s,K5s,QJs,QTs,JTs,J9s,T9s,T8s,98s,97s,87s,86s,76s,65s,54s,AKo,AQo,AJo,KQo,,,,,,,,,,,,,,,,,,,,,,,,,,,,,,,,,,,,,,,,,,,,,,,,,,,,,,,,,,,,,,,,,,,,,,,,,,,,,,,,,,,,,
"BU RFI vs SB3 (12, 26)",26,BUvs3bet,AA,KK,QQ,JJ,TT,99,88,77,66,55,44,33,22,AKs,AQs,AJs,ATs,A9s,A8s,A7s,A6s,A5s,A4s,A3s,KQs,KJs,KTs,K9s,K8s,K7s,K6s,QJs,QTs,Q9s,JTs,J9s,J8s,T9s,T8s,98s,97s,87s,76s,65s,54s,AKo,AQo,AJo,ATo,,,,,,,,,,,,,,,,,,,,,,,,,,,,,,,,,,,,,,,,,,,,,,,,,,,,,,,,,,,,,,,,,,,,,,,,,,,,,,,,,
"BU RFI vs BB3 (13, 27)",52,,AA,KK,QQ,JJ,TT,99,88,77,66,55,44,33,22,AKs,AQs,AJs,ATs,A9s,A8s,A7s,A6s,A5s,A4s,A3s,KQs,KJs,KTs,K9s,K8s,K7s,K6s,QJs,QTs,Q9s,JTs,J9s,J8s,T9s,T8s,98s,97s,87s,76s,65s,54s,AKo,AQo,AJo,ATo,,,,,,,,,,,,,,,,,,,,,,,,,,,,,,,,,,,,,,,,,,,,,,,,,,,,,,,,,,,,,,,,,,,,,,,,,,,,,,,,,
"SB RFI vs BB3 (9, 25)",27,SBvs3bet,AA,KK,QQ,JJ,TT,99,88,77,66,55,44,33,22,AKs,AQs,AJs,ATs,A9s,A8s,A7s,A6s,A5s,A4s,A3s,A2s,KQs,KJs,KTs,K9s,K8s,K7s,K6s,K5s,QJs,QTs,Q9s,Q8s,Q7s,JTs,J9s,J8s,T9s,T8s,T7s,98s,97s,87s,86s,76s,75s,65s,54s,AKo,AQo,AJo,ATo,A9o,,,,,,,,,,,,,,,,,,,,,,,,,,,,,,,,,,,,,,,,,,,,,,,,,,,,,,,,,,,,,,,,,,,,,,,,,
"SB RFI vs BB3 (10, 21)",28,,AA,KK,QQ,JJ,TT,99,88,77,66,55,44,33,22,AKs,AQs,AJs,ATs,A9s,A8s,A7s,A6s,A5s,A4s,A3s,A2s,KQs,KJs,KTs,K9s,K8s,K7s,K6s,K5s,QJs,QTs,Q9s,Q8s,Q7s,JTs,J9s,J8s,T9s,T8s,T7s,98s,97s,87s,86s,76s,75s,65s,54s,AKo,AQo,AJo,ATo,A9o,,,,,,,,,,,,,,,,,,,,,,,,,,,,,,,,,,,,,,,,,,,,,,,,,,,,,,,,,,,,,,,,,,,,,,,,,
HJ vs LJ4 (19),53,COvs4bet,AA,KK,QQ,JJ,TT,99,88,77,66,55,44,33,AKs,AQs,AJs,ATs,A5s,A4s,A3s,KQs,KJs,KTs,QJs,JTs,65s,54s,AKo,AQo,KQo,,,,,,,,,,,,,,,,,,,,,,,,,,,,,,,,,,,,,,,,,,,,,,,,,,,,,,,,,,,,,,,,,,,,,,,,,,,,,,,,,,,,,,,,,,,,,,,,,,,,,
CO vs LJ4 (19),29,,AA,KK,QQ,JJ,TT,99,88,77,66,55,44,33,AKs,AQs,AJs,ATs,A5s,A4s,A3s,KQs,KJs,KTs,QJs,JTs,65s,54s,AKo,AQo,KQo,,,,,,,,,,,,,,,,,,,,,,,,,,,,,,,,,,,,,,,,,,,,,,,,,,,,,,,,,,,,,,,,,,,,,,,,,,,,,,,,,,,,,,,,,,,,,,,,,,,,,
CO vs HJ4 (19),30,,AA,KK,QQ,JJ,TT,99,88,77,66,55,44,33,AKs,AQs,AJs,ATs,A9s,A5s,A4s,A3s,KQs,KJs,KTs,K9s,QJs,QTs,JTs,T9s,65s,54s,AKo,AQo,AJo,KQo,,,,,,,,,,,,,,,,,,,,,,,,,,,,,,,,,,,,,,,,,,,,,,,,,,,,,,,,,,,,,,,,,,,,,,,,,,,,,,,,,,,,,,,,,,,,,,,,
BU vs LJ4 (20),31,BUvs4bet,AA,KK,QQ,JJ,TT,99,88,77,66,55,44,AKs,AQs,AJs,ATs,A9s,A8s,A7s,A5s,A4s,A3s,KQs,KJs,KTs,K9s,K8s,K6s,QJs,QTs,JTs,T9s,65s,54s,AKo,AQo,AJo,KQo,KJo,,,,,,,,,,,,,,,,,,,,,,,,,,,,,,,,,,,,,,,,,,,,,,,,,,,,,,,,,,,,,,,,,,,,,,,,,,,,,,,,,,,,,,,,,,,,
BU vs HJ4 (20),32,,AA,KK,QQ,JJ,TT,99,88,77,66,55,44,33,AKs,AQs,AJs,ATs,A9s,A8s,A7s,A6s,A5s,A4s,A3s,KQs,KJs,KTs,K9s,K8s,K6s,QJs,QTs,Q9s,JTs,T9s,65s,AKo,AQo,AJo,ATo,KQo,KJo,KTo,,,,,,,,,,,,,,,,,,,,,,,,,,,,,,,,,,,,,,,,,,,,,,,,,,,,,,,,,,,,,,,,,,,,,,,,,,,,,,,,,,,,,,,,
BU vs CO4 (21),33,,AA,KK,QQ,JJ,TT,99,88,77,66,55,AKs,AQs,AJs,ATs,A9s,A8s,A7s,A6s,A5s,A4s,A3s,KQs,KJs,KTs,K9s,K8s,K7s,K6s,QJs,QTs,Q9s,JTs,J9s,T9s,T8s,65s,54s,AKo,AQo,AJo,ATo,KQo,KJo,KTo,QJo,,,,,,,,,,,,,,,,,,,,,,,,,,,,,,,,,,,,,,,,,,,,,,,,,,,,,,,,,,,,,,,,,,,,,,,,,,,,,,,,,,,,,
"SB vs LJ4 (19, 40)",34,SBvs4bet,AA,KK,QQ,JJ,TT,99,88,77,66,AKs,AQs,AJs,ATs,A5s,A4s,A3s,KQs,KJs,KTs,QJs,QTs,JTs,T9s,87s,76s,65s,54s,AKo,AQo,KQo,,,,,,,,,,,,,,,,,,,,,,,,,,,,,,,,,,,,,,,,,,,,,,,,,,,,,,,,,,,,,,,,,,,,,,,,,,,,,,,,,,,,,,,,,,,,,,,,,,,,
"SB vs HJ4 (22, 40)",35,,AA,KK,QQ,JJ,TT,99,88,77,66,AKs,AQs,AJs,ATs,A9s,A5s,A4s,A3s,KQs,KJs,KTs,QJs,QTs,JTs,T9s,87s,76s,65s,54s,AKo,AQo,KQo,,,,,,,,,,,,,,,,,,,,,,,,,,,,,,,,,,,,,,,,,,,,,,,,,,,,,,,,,,,,,,,,,,,,,,,,,,,,,,,,,,,,,,,,,,,,,,,,,,,
"SB vs CO4 (25,100)",36,,AA,KK,QQ,JJ,TT,99,88,77,66,AKs,AQs,AJs,ATs,A9s,A8s,A5s,A4s,KQs,KJs,KTs,K9s,QJs,QTs,JTs,J9s,T9s,87s,76s,65s,54s,AKo,AQo,AJo,KQo,KJo,,,,,,,,,,,,,,,,,,,,,,,,,,,,,,,,,,,,,,,,,,,,,,,,,,,,,,,,,,,,,,,,,,,,,,,,,,,,,,,,,,,,,,,,,,,,,,,
"SB vs BU4 (26, 100)",37,,AA,KK,QQ,JJ,TT,99,88,77,66,AKs,AQs,AJs,ATs,A9s,A8s,A7s,A5s,A4s,A3s,KQs,KJs,KTs,K9s,K6s,QJs,QTs,Q9s,JTs,J9s,T9s,T8s,98s,87s,76s,65s,AKo,AQo,AJo,ATo,KQo,KJo,KTo,,,,,,,,,,,,,,,,,,,,,,,,,,,,,,,,,,,,,,,,,,,,,,,,,,,,,,,,,,,,,,,,,,,,,,,,,,,,,,,,,,,,,,,,
"BB vs LJ4 (22, 40)",54,BBvs4bet,AA,KK,QQ,JJ,AKs,AQs,AJs,ATs,A5s,A4s,A3s,A2s,KQs,KJs,KTs,K5s,K4s,QJs,QTs,Q9s,JTs,J9s,T9s,98s,87s,76s,65s,54s,AKo,ATo,A5o,KQo,,,,,,,,,,,,,,,,,,,,,,,,,,,,,,,,,,,,,,,,,,,,,,,,,,,,,,,,,,,,,,,,,,,,,,,,,,,,,,,,,,,,,,,,,,,,,,,,,,
"BB vs HJ4 (24.9, 100)",55,,AA,KK,QQ,JJ,AKs,AQs,AJs,ATs,A8s,A5s,A4s,A2s,K9s,K7s,K6s,K5s,K4s,K3s,QJs,QTs,Q9s,Q8s,JTs,J9s,T9s,98s,87s,76s,65s,54s,AKo,ATo,A5o,A4o,KQo,KJo,,,,,,,,,,,,,,,,,,,,,,,,,,,,,,,,,,,,,,,,,,,,,,,,,,,,,,,,,,,,,,,,,,,,,,,,,,,,,,,,,,,,,,,,,,,,,,
"BB vs CO4 (28,100)",56,,AA,KK,QQ,JJ,TT,AKs,AQs,AJs,A8s,A5s,A4s,A3s,A2s,KQs,KJs,KTs,K9s,K7s,K6s,K5s,K4s,K3s,QJs,QTs,Q8s,Q6s,Q5s,Q4s,Q3s,Q2s,JTs,J9s,J8s,J7s,J6s,T9s,T7s,98s,87s,76s,65s,54s,AKo,AQo,AJo,ATo,A5o,A4o,KQo,KJo,QJo,,,,,,,,,,,,,,,,,,,,,,,,,,,,,,,,,,,,,,,,,,,,,,,,,,,,,,,,,,,,,,,,,,,,,,,,,,,,,,,
"BB vs BU4 (27, 100)",57,,AA,KK,QQ,JJ,TT,99,88,77,AKs,AQs,AJs,ATs,A8s,A5s,A4s,A3s,KQs,KJs,KTs,K9s,K7s,K6s,K5s,QJs,QTs,Q6s,Q5s,Q4s,JTs,J9s,J7s,J6s,J5s,J4s,T9s,T8s,T7s,T6s,98s,97s,87s,86s,76s,65s,54s,AKo,AQo,AJo,ATo,A9o,A5o,KQo,KJo,KTo,K9o,QJo,QTo,JTo,Q9o,,,,,,,,,,,,,,,,,,,,,,,,,,,,,,,,,,,,,,,,,,,,,,,,,,,,,,,,,,,,,,,,,,,,,,,
"BB vs SB4 (25, 100)",58,,AA,KK,QQ,JJ,TT,99,88,77,66,AKs,AQs,AJs,ATs,A5s,A4s,A3s,KQs,KJs,KTs,K9s,K6s,QJs,Q6s,JTs,J9s,J7s,J6s,J5s,J4s,J3s,T9s,T6s,T5s,T4s,T3s,T2s,98s,95s,87s,76s,65s,54s,AKo,AQo,AJo,A8o,A7o,A6o,A5o,A4o,A2o,KQo,KJo,K9o,K8o,K7o,K6o,K5o,QJo,QTo,JTo,J9o,T9o,Q9o,J8o,T8o,98o,Q8o,97o,J7o,T7o,,,,,,,,,,,,,,,,,,,,,,,,,,,,,,,,,,,,,,,,,,,,,,,,,,,,,,,,,,,
"BU4 vs CO3 vs LJO (2, 6.5, 13)",38,BUCold4,AA,KK,QQ,JJ,TT,99,88,AKs,AQs,AJs,ATs,A9s,A5s,A4s,KQs,KJs,KTs,AKo,AQo,,,,,,,,,,,,,,,,,,,,,,,,,,,,,,,,,,,,,,,,,,,,,,,,,,,,,,,,,,,,,,,,,,,,,,,,,,,,,,,,,,,,,,,,,,,,,,,,,,,,,,,,,,,,,,,
"BU4 vs CO3 vs HJO (2, 6.5, 13)",39,,AA,KK,QQ,JJ,TT,99,88,AKs,AQs,AJs,ATs,A9s,A5s,A4s,KQs,KJs,KTs,AKo,AQo,,,,,,,,,,,,,,,,,,,,,,,,,,,,,,,,,,,,,,,,,,,,,,,,,,,,,,,,,,,,,,,,,,,,,,,,,,,,,,,,,,,,,,,,,,,,,,,,,,,,,,,,,,,,,,,
"SB4 vs BU3 vs LJO (2, 7.5, 20)",40,SBCold4,AA,KK,QQ,JJ,TT,AKs,AQs,AJs,ATs,A9s,A8s,A5s,A4s,KQs,KJs,AKo,AQo,,,,,,,,,,,,,,,,,,,,,,,,,,,,,,,,,,,,,,,,,,,,,,,,,,,,,,,,,,,,,,,,,,,,,,,,,,,,,,,,,,,,,,,,,,,,,,,,,,,,,,,,,,,,,,,,,
"SB4 vs BU3 vs HJO (2, 7.5, 21)",41,,AA,KK,QQ,JJ,TT,99,88,AKs,AQs,AJs,ATs,A9s,A8s,A5s,A4s,A3s,KQs,KJs,KTs,AKo,AQo,KQo,,,,,,,,,,,,,,,,,,,,,,,,,,,,,,,,,,,,,,,,,,,,,,,,,,,,,,,,,,,,,,,,,,,,,,,,,,,,,,,,,,,,,,,,,,,,,,,,,,,,,,,,,,,,
"SB4 vs BU3 vs COO (2.3, 7.5, 21)",42,,AA,KK,QQ,JJ,TT,99,88,AKs,AQs,AJs,ATs,A9s,A8s,A7s,A6s,A5s,A4s,A3s,A2s,KQs,KJs,KTs,K9s,QJs,QTs,Q9s,JTs,J9s,T9s,98s,87s,76s,65s,54s,AKo,AQo,KQo,,,,,,,,,,,,,,,,,,,,,,,,,,,,,,,,,,,,,,,,,,,,,,,,,,,,,,,,,,,,,,,,,,,,,,,,,,,,,,,,,,,,,,,,,,,,,
"BB4 vs SB3 vs LJO (2, 10, 20)",43,BBvsSBCold4,AA,KK,QQ,JJ,TT,99,88,AKs,AQs,AJs,ATs,A9s,A8s,A7s,A6s,A5s,A4s,KQs,KJs,KTs,QJs,AKo,AQo,,,,,,,,,,,,,,,,,,,,,,,,,,,,,,,,,,,,,,,,,,,,,,,,,,,,,,,,,,,,,,,,,,,,,,,,,,,,,,,,,,,,,,,,,,,,,,,,,,,,,,,,,,,
"BB4 vs SB3 vs HJO (2, 11, 23)",44,,AA,KK,QQ,JJ,TT,99,AKs,AQs,AJs,ATs,A9s,A8s,A7s,A6s,A5s,A4s,KQs,KJs,KTs,QJs,QTs,AKo,AQo,,,,,,,,,,,,,,,,,,,,,,,,,,,,,,,,,,,,,,,,,,,,,,,,,,,,,,,,,,,,,,,,,,,,,,,,,,,,,,,,,,,,,,,,,,,,,,,,,,,,,,,,,,,
"BB4 vs SB3 vs COO (2.3, 11.5, 25)",45,,AA,KK,QQ,JJ,TT,99,88,AKs,AQs,AJs,ATs,A9s,A8s,A7s,A6s,A5s,A4s,KQs,KJs,KTs,QJs,QTs,JTs,AKo,AQo,KQo,,,,,,,,,,,,,,,,,,,,,,,,,,,,,,,,,,,,,,,,,,,,,,,,,,,,,,,,,,,,,,,,,,,,,,,,,,,,,,,,,,,,,,,,,,,,,,,,,,,,,,,,
"BB4 vs SB3 vs BUO (2.5, 12, 23)",46,,AA,KK,QQ,JJ,TT,99,88,AKs,AQs,AJs,ATs,A9s,A8s,A7s,A6s,A5s,A4s,KQs,KJs,KTs,QJs,QTs,JTs,AKo,AQo,KQo,,,,,,,,,,,,,,,,,,,,,,,,,,,,,,,,,,,,,,,,,,,,,,,,,,,,,,,,,,,,,,,,,,,,,,,,,,,,,,,,,,,,,,,,,,,,,,,,,,,,,,,,